[{"id":11,"name":"Mr. Nice"},{"id":12,"name":"Narco"},{"id":13,"name":"Bombasto"},{"id":14,"name":"Celeritas"},{"id":15,"name":"Magneta"},{"id":16,"name":"RubberMan"},{"id":17,"name":"Dynama"},{"id":18,"name":"Dr IQ"},{"id":19,"name":"Magma"},{"id":20,"name":"Tornado"},{"id":25,"name":" Bolt"},{"id":26,"name":"Wi-Fire"},{"id":27,"name":"Wi-Fire"},{"id":28,"name":"Wi-Fire"},{"id":29,"name":"Wi-Fire"},{"id":30,"name":"Wi-Fire"},{"id":31,"name":"Wi-Fire"},{"id":32,"name":"Wi-Fire"},{"id":33,"name":"Wi-Fire"},{"id":34,"name":"Wi-Fire"}]